-- phpMyAdmin SQL Dump
-- version 4.9.0.1
-- https://www.phpmyadmin.net/
--
-- Host: 127.0.0.1
-- Waktu pembuatan: 24 Sep 2023 pada 10.01
-- Versi server: 10.4.6-MariaDB
-- Versi PHP: 7.3.9

SET SQL_MODE = "NO_AUTO_VALUE_ON_ZERO";
SET AUTOCOMMIT = 0;
START TRANSACTION;
SET time_zone = "+00:00";


/*!40101 SET @OLD_CHARACTER_SET_CLIENT=@@CHARACTER_SET_CLIENT */;
/*!40101 SET @OLD_CHARACTER_SET_RESULTS=@@CHARACTER_SET_RESULTS */;
/*!40101 SET @OLD_COLLATION_CONNECTION=@@COLLATION_CONNECTION */;
/*!40101 SET NAMES utf8mb4 */;

--
-- Database: `kedung-roso`
--

-- --------------------------------------------------------

--
-- Struktur dari tabel `detail_pesanan`
--

CREATE TABLE `detail_pesanan` (
  `id_detail` int(11) NOT NULL,
  `id_pesanan` int(11) NOT NULL,
  `id_produk` int(11) NOT NULL,
  `qty` int(11) NOT NULL
) ENGINE=InnoDB DEFAULT CHARSET=latin1;

--
-- Dumping data untuk tabel `detail_pesanan`
--

INSERT INTO `detail_pesanan` (`id_detail`, `id_pesanan`, `id_produk`, `qty`) VALUES
(1, 1, 3, 1),
(2, 1, 4, 1),
(3, 2, 4, 3),
(4, 3, 3, 1);

-- --------------------------------------------------------

--
-- Struktur dari tabel `menu_makanan`
--

CREATE TABLE `menu_makanan` (
  `id_produk` int(11) NOT NULL,
  `nama_produk` varchar(125) NOT NULL,
  `harga` varchar(15) NOT NULL,
  `foto` text NOT NULL,
  `deskripsi` text NOT NULL
) ENGINE=InnoDB DEFAULT CHARSET=latin1;

--
-- Dumping data untuk tabel `menu_makanan`
--

INSERT INTO `menu_makanan` (`id_produk`, `nama_produk`, `harga`, `foto`, `deskripsi`) VALUES
(1, 'Menu 1', '12000', '1.jpg', '<div>zcdsfsdfs</div>'),
(3, 'Menu 2', '55000', '2.jpg', '<div>sdsdsd</div>'),
(4, 'Menu 3', '45000', '3.jpg', '<div>sfdfgdg</div>'),
(5, 'Menu 4', '34000', '4.jpg', '<div>dfgdfd</div>');

-- --------------------------------------------------------

--
-- Struktur dari tabel `nota`
--

CREATE TABLE `nota` (
  `id_nota` int(11) NOT NULL,
  `id_pesanan` int(11) NOT NULL,
  `total_transaksi` varchar(15) NOT NULL,
  `tgl` varchar(20) NOT NULL,
  `cash` varchar(15) NOT NULL,
  `kartu_kredit` varchar(20) NOT NULL,
  `no_kartu_kredit` varchar(30) NOT NULL,
  `bukti_pembayaran` text NOT NULL
) ENGINE=InnoDB DEFAULT CHARSET=latin1;

--
-- Dumping data untuk tabel `nota`
--

INSERT INTO `nota` (`id_nota`, `id_pesanan`, `total_transaksi`, `tgl`, `cash`, `kartu_kredit`, `no_kartu_kredit`, `bukti_pembayaran`) VALUES
(1, 1, '117000', '2023-07-24', 'transfer', 'BRI', '01133-0981', 'sd.jpeg');

-- --------------------------------------------------------

--
-- Struktur dari tabel `pelanggan`
--

CREATE TABLE `pelanggan` (
  `id_pelanggan` int(11) NOT NULL,
  `nama_plggn` varchar(125) NOT NULL,
  `alamat` text NOT NULL,
  `no_hp` varchar(15) NOT NULL,
  `username` varchar(50) NOT NULL,
  `password` varchar(50) NOT NULL
) ENGINE=InnoDB DEFAULT CHARSET=latin1;

--
-- Dumping data untuk tabel `pelanggan`
--

INSERT INTO `pelanggan` (`id_pelanggan`, `nama_plggn`, `alamat`, `no_hp`, `username`, `password`) VALUES
(1, 'Asyila', 'Kuningan, Jawa Barat', '089987654343', 'asyila', 'asyila');

-- --------------------------------------------------------

--
-- Struktur dari tabel `pesanan`
--

CREATE TABLE `pesanan` (
  `id_pesanan` int(11) NOT NULL,
  `id_pelanggan` int(11) NOT NULL,
  `tgl_transaksi` varchar(30) NOT NULL,
  `total_bayar` varchar(15) NOT NULL,
  `alamat_detail` varchar(125) NOT NULL,
  `ongkir` varchar(15) NOT NULL,
  `status_order` int(11) NOT NULL,
  `status_bayar` int(11) NOT NULL,
  `metode_bayar` int(11) NOT NULL
) ENGINE=InnoDB DEFAULT CHARSET=latin1;

--
-- Dumping data untuk tabel `pesanan`
--

INSERT INTO `pesanan` (`id_pesanan`, `id_pelanggan`, `tgl_transaksi`, `total_bayar`, `alamat_detail`, `ongkir`, `status_order`, `status_bayar`, `metode_bayar`) VALUES
(1, 1, '2023-07-20', '117000', 'Kuningan, Jawa Barat', '17000', 4, 1, 2),
(2, 1, '2023-07-24', '140000', 'Kuningan, Jawa Barat', '5000', 0, 0, 2),
(3, 1, '2023-08-16', '60000', 'Kuningan, Jawa Barat', '5000', 1, 0, 1);

-- --------------------------------------------------------

--
-- Struktur dari tabel `ulasan`
--

CREATE TABLE `ulasan` (
  `id_ulasan` int(11) NOT NULL,
  `id_detail` int(11) NOT NULL,
  `komentar` text NOT NULL,
  `rating` int(11) NOT NULL
) ENGINE=InnoDB DEFAULT CHARSET=latin1;

--
-- Dumping data untuk tabel `ulasan`
--

INSERT INTO `ulasan` (`id_ulasan`, `id_detail`, `komentar`, `rating`) VALUES
(1, 1, 'enak banget', 4),
(2, 2, 'sukaa pisann...', 5);

-- --------------------------------------------------------

--
-- Struktur dari tabel `user`
--

CREATE TABLE `user` (
  `id_user` int(11) NOT NULL,
  `username` varchar(50) NOT NULL,
  `password` varchar(50) NOT NULL,
  `no_hp` varchar(15) NOT NULL,
  `alamat` text NOT NULL,
  `level_user` int(11) NOT NULL
) ENGINE=InnoDB DEFAULT CHARSET=latin1;

--
-- Dumping data untuk tabel `user`
--

INSERT INTO `user` (`id_user`, `username`, `password`, `no_hp`, `alamat`, `level_user`) VALUES
(1, 'admin', 'admin', '089887656545', 'Kuningan', 1),
(3, 'pemilik', 'pemilik', '089987656543', 'Kuningan, Jawa Barat', 2);

--
-- Indexes for dumped tables
--

--
-- Indeks untuk tabel `detail_pesanan`
--
ALTER TABLE `detail_pesanan`
  ADD PRIMARY KEY (`id_detail`);

--
-- Indeks untuk tabel `menu_makanan`
--
ALTER TABLE `menu_makanan`
  ADD PRIMARY KEY (`id_produk`);

--
-- Indeks untuk tabel `nota`
--
ALTER TABLE `nota`
  ADD PRIMARY KEY (`id_nota`);

--
-- Indeks untuk tabel `pelanggan`
--
ALTER TABLE `pelanggan`
  ADD PRIMARY KEY (`id_pelanggan`);

--
-- Indeks untuk tabel `pesanan`
--
ALTER TABLE `pesanan`
  ADD PRIMARY KEY (`id_pesanan`);

--
-- Indeks untuk tabel `ulasan`
--
ALTER TABLE `ulasan`
  ADD PRIMARY KEY (`id_ulasan`);

--
-- Indeks untuk tabel `user`
--
ALTER TABLE `user`
  ADD PRIMARY KEY (`id_user`);

--
-- AUTO_INCREMENT untuk tabel yang dibuang
--

--
-- AUTO_INCREMENT untuk tabel `detail_pesanan`
--
ALTER TABLE `detail_pesanan`
  MODIFY `id_detail` int(11) NOT NULL AUTO_INCREMENT, AUTO_INCREMENT=5;

--
-- AUTO_INCREMENT untuk tabel `menu_makanan`
--
ALTER TABLE `menu_makanan`
  MODIFY `id_produk` int(11) NOT NULL AUTO_INCREMENT, AUTO_INCREMENT=6;

--
-- AUTO_INCREMENT untuk tabel `nota`
--
ALTER TABLE `nota`
  MODIFY `id_nota` int(11) NOT NULL AUTO_INCREMENT, AUTO_INCREMENT=2;

--
-- AUTO_INCREMENT untuk tabel `pelanggan`
--
ALTER TABLE `pelanggan`
  MODIFY `id_pelanggan` int(11) NOT NULL AUTO_INCREMENT, AUTO_INCREMENT=2;

--
-- AUTO_INCREMENT untuk tabel `pesanan`
--
ALTER TABLE `pesanan`
  MODIFY `id_pesanan` int(11) NOT NULL AUTO_INCREMENT, AUTO_INCREMENT=4;

--
-- AUTO_INCREMENT untuk tabel `ulasan`
--
ALTER TABLE `ulasan`
  MODIFY `id_ulasan` int(11) NOT NULL AUTO_INCREMENT, AUTO_INCREMENT=3;

--
-- AUTO_INCREMENT untuk tabel `user`
--
ALTER TABLE `user`
  MODIFY `id_user` int(11) NOT NULL AUTO_INCREMENT, AUTO_INCREMENT=4;
COMMIT;

/*!40101 SET CHARACTER_SET_CLIENT=@OLD_CHARACTER_SET_CLIENT */;
/*!40101 SET CHARACTER_SET_RESULTS=@OLD_CHARACTER_SET_RESULTS */;
/*!40101 SET COLLATION_CONNECTION=@OLD_COLLATION_CONNECTION */;
